PassengerId,HomePlanet,CryoSleep,Cabin,Destination,Age,VIP,RoomService,FoodCourt,ShoppingMall,Spa,VRDeck,Name,Transported
0001_01,Europa,False,B/0/P,TRAPPIST-1e,39.0,False,0.0,0.0,0.0,0.0,0.0,Maham Ofracculy,False
0002_01,Earth,False,F/0/S,TRAPPIST-1e,24.0,False,109.0,9.0,25.0,549.0,44.0,Juanna Vines,True
0003_01,Europa,False,A/0/S,TRAPPIST-1e,58.0,True,43.0,3576.0,0.0,6715.0,49.0,Altark Susent,False
0003_02,Europa,False,A/0/S,TRAPPIST-1e,33.0,False,0.0,1283.0,371.0,3329.0,193.0,Solam Susent,False
0004_01,Earth,False,F/1/S,TRAPPIST-1e,16.0,False,303.0,70.0,151.0,565.0,2.0,Willy Santantines,True
0005_01,Earth,False,F/0/P,PSO J318.5-22,44.0,False,0.0,483.0,0.0,291.0,0.0,Sandie Hinetthews,True
0006_01,Earth,False,F/2/S,TRAPPIST-1e,26.0,False,42.0,1539.0,3.0,0.0,0.0,Billex Jacostaffey,True
0006_02,Earth,True,G/0/S,TRAPPIST-1e,28.0,False,0.0,0.0,0.0,0.0,,Candra Jacostaffey,True
0007_01,Earth,False,F/3/S,TRAPPIST-1e,35.0,False,0.0,785.0,17.0,216.0,0.0,Andona Beston,True
0008_01,Europa,True,B/1/P,55 Cancri e,14.0,False,0.0,0.0,0.0,0.0,0.0,Erraiam Flatic,True
0008_02,Europa,True,B/1/P,TRAPPIST-1e,34.0,False,0.0,0.0,,0.0,0.0,Altardr Flatic,True
0008_03,Europa,False,B/1/P,55 Cancri e,45.0,False,39.0,7295.0,589.0,110.0,124.0,Wezena Flatic,True
0009_01,Mars,False,F/1/P,TRAPPIST-1e,32.0,False,73.0,0.0,1123.0,0.0,113.0,Berers Barne,True
0010_01,Earth,False,G/1/S,TRAPPIST-1e,48.0,False,719.0,1.0,65.0,0.0,24.0,Reney Baketton,False
0011_01,Earth,False,F/2/P,TRAPPIST-1e,28.0,False,8.0,974.0,12.0,2.0,7.0,Elle Bertsontry,True
0012_01,Earth,False,,TRAPPIST-1e,31.0,False,32.0,0.0,876.0,0.0,0.0,Justie Pooles,False
0014_01,Mars,False,F/3/P,55 Cancri e,27.0,False,1286.0,122.0,,0.0,0.0,Flats Eccle,False
0015_01,Earth,False,F/4/P,55 Cancri e,24.0,False,0.0,1.0,0.0,0.0,637.0,Carry Hughriend,False
0016_01,Mars,True,F/5/P,TRAPPIST-1e,45.0,False,0.0,0.0,0.0,0.0,0.0,Alus Upead,True
0017_01,Earth,False,G/0/P,TRAPPIST-1e,0.0,False,0.0,0.0,0.0,0.0,0.0,Lyde Brighttt,True
0017_02,Earth,False,F/6/P,55 Cancri e,14.0,False,412.0,0.0,1.0,0.0,679.0,Philda Brighttt,False
0020_01,Earth,True,E/0/S,TRAPPIST-1e,1.0,False,0.0,0.0,0.0,0.0,0.0,Almary Brantuarez,False
0020_02,Earth,True,E/0/S,55 Cancri e,49.0,False,0.0,0.0,0.0,0.0,0.0,Glendy Brantuarez,False
0020_03,Earth,True,E/0/S,55 Cancri e,29.0,False,0.0,0.0,,0.0,0.0,Mollen Mcfaddennon,False
0020_04,Earth,False,E/0/S,TRAPPIST-1e,10.0,False,0.0,0.0,0.0,0.0,0.0,Breney Jacostanley,True
0020_05,Earth,True,E/0/S,PSO J318.5-22,1.0,False,,0.0,0.0,0.0,0.0,Mael Brantuarez,False
0020_06,Earth,False,E/0/S,TRAPPIST-1e,7.0,False,0.0,0.0,0.0,0.0,0.0,Terta Mcfaddennon,False
0022_01,Mars,False,D/0/P,TRAPPIST-1e,21.0,False,980.0,2.0,69.0,0.0,0.0,,False
0024_01,Europa,True,C/2/S,TRAPPIST-1e,62.0,False,0.0,0.0,,0.0,0.0,Penton Fullided,True
0025_01,Earth,False,F/6/S,TRAPPIST-1e,15.0,False,0.0,225.0,0.0,998.0,0.0,Karard Brookenson,False
0026_01,Europa,False,C/0/P,55 Cancri e,34.0,False,22.0,6073.0,0.0,1438.0,328.0,Anyoni Unconary,False
0028_01,Mars,False,F/8/P,TRAPPIST-1e,43.0,False,1125.0,0.0,136.0,48.0,0.0,Ceros Mare,False
0030_01,Earth,False,G/4/S,TRAPPIST-1e,32.0,False,0.0,850.0,81.0,437.0,453.0,Ginia Morsentley,False
0031_01,Mars,False,F/9/P,TRAPPIST-1e,47.0,False,214.0,0.0,1411.0,0.0,1229.0,Coobix Datie,True
0031_02,Mars,False,F/9/P,TRAPPIST-1e,2.0,False,0.0,0.0,0.0,0.0,0.0,Cinets Datie,True
0031_03,Mars,False,F/9/P,TRAPPIST-1e,20.0,False,,0.0,1750.0,990.0,0.0,Dontch Datie,True
0034_01,Europa,True,D/1/S,55 Cancri e,28.0,False,0.0,0.0,0.0,0.0,0.0,Ziba Oingwhedly,True
0035_01,Mars,False,D/1/P,55 Cancri e,23.0,False,784.0,964.0,0.0,951.0,0.0,Luse Butte,False
0036_01,Earth,False,F/8/S,55 Cancri e,15.0,,0.0,492.0,48.0,20.0,401.0,Marina Leodger,False
0038_01,Earth,False,F/10/S,55 Cancri e,20.0,False,554.0,195.0,0.0,2606.0,0.0,Loise Wheelez,False
0039_01,Earth,True,G/1/P,55 Cancri e,30.0,False,0.0,0.0,,0.0,0.0,Jorgie Batthewitt,False
0041_01,Earth,True,G/2/P,TRAPPIST-1e,17.0,False,0.0,0.0,0.0,0.0,0.0,Margia Moodsey,True
0043_01,Europa,False,B/3/P,TRAPPIST-1e,45.0,False,0.0,164.0,45.0,2511.0,855.0,Ankalik Cylistrand,False
0044_01,Earth,True,G/3/P,TRAPPIST-1e,55.0,False,0.0,0.0,0.0,0.0,0.0,Jodye Coopelandez,False
0044_02,Earth,True,G/3/P,55 Cancri e,4.0,False,0.0,0.0,0.0,0.0,0.0,Kayne Coopelandez,True
0044_03,Earth,True,G/3/P,PSO J318.5-22,21.0,False,0.0,0.0,0.0,0.0,0.0,Cassa Coopelandez,True
0045_01,Mars,False,F/10/P,TRAPPIST-1e,21.0,False,970.0,0.0,180.0,0.0,64.0,Zelowl Chmad,False
0045_02,Mars,True,F/10/P,,19.0,False,0.0,0.0,0.0,0.0,0.0,Mass Chmad,True
0050_01,Earth,False,E/1/S,55 Cancri e,35.0,False,790.0,0.0,0.0,,0.0,Sony Lancis,False
0051_01,Earth,False,E/2/S,TRAPPIST-1e,56.0,False,0.0,112.0,0.0,1379.0,127.0,Vivia Johnshines,False
0052_01,Earth,False,G/6/S,TRAPPIST-1e,,False,4.0,0.0,2.0,4683.0,0.0,Elaney Hubbarton,False
0053_01,Earth,False,F/11/S,TRAPPIST-1e,25.0,False,0.0,0.0,1938.0,0.0,1.0,Elson Hickerson,True
0056_01,Europa,False,A/1/S,TRAPPIST-1e,2.0,False,0.0,0.0,0.0,0.0,0.0,Okulas Tractive,True
0056_02,Europa,True,A/1/S,TRAPPIST-1e,38.0,False,0.0,0.0,0.0,0.0,0.0,Instab Tractive,True
0056_03,Europa,False,A/1/S,TRAPPIST-1e,27.0,False,279.0,605.0,3374.0,286.0,3.0,Zinoces Tractive,True
0058_01,Earth,True,G/7/S,PSO J318.5-22,36.0,False,0.0,0.0,0.0,0.0,0.0,Warry Ayalazquez,False
0061_01,Earth,False,F/12/S,TRAPPIST-1e,22.0,False,45.0,1096.0,148.0,1377.0,1.0,Shanya Salez,False
0062_01,Earth,False,F/13/S,TRAPPIST-1e,62.0,False,0.0,592.0,0.0,17.0,25.0,Sterry Greeves,False
0064_01,Mars,True,F/14/S,TRAPPIST-1e,15.0,False,0.0,0.0,0.0,0.0,0.0,,True
0064_02,,True,E/3/S,TRAPPIST-1e,33.0,False,0.0,0.0,,0.0,0.0,Colatz Keen,True
0066_01,Earth,False,G/6/P,TRAPPIST-1e,62.0,False,1.0,153.0,197.0,0.0,460.0,Diandy Pecketton,False
0067_01,Earth,True,G/10/S,PSO J318.5-22,0.0,False,0.0,0.0,0.0,0.0,0.0,Ninaha Leeves,True
0067_02,Earth,False,G/10/S,TRAPPIST-1e,18.0,False,1.0,258.0,446.0,0.0,0.0,Celine Leeves,True
0067_03,Earth,False,F/15/S,55 Cancri e,21.0,False,1946.0,37.0,0.0,0.0,24.0,Velyne Leeves,False
0068_01,Mars,False,E/4/S,TRAPPIST-1e,,False,793.0,0.0,2.0,253.0,0.0,Cinst Binie,False
0069_01,Earth,False,F/16/S,TRAPPIST-1e,42.0,False,887.0,0.0,9.0,6.0,0.0,,True
0070_01,Earth,False,F/13/P,TRAPPIST-1e,19.0,False,190.0,0.0,5.0,1.0,726.0,Meremy Brighttt,False
0071_01,Earth,False,F/14/P,TRAPPIST-1e,17.0,False,16.0,2165.0,0.0,0.0,52.0,Nelly Dillines,False
0072_01,Earth,False,F/17/S,TRAPPIST-1e,14.0,False,0.0,1.0,0.0,0.0,1063.0,Thell Brantuarez,False
0073_01,Mars,False,D/3/P,PSO J318.5-22,37.0,False,46.0,83.0,738.0,0.0,12.0,Gorn Make,False
0074_01,Europa,False,C/3/S,TRAPPIST-1e,42.0,False,1.0,8397.0,0.0,0.0,506.0,Aldibah Mostedry,True
0076_01,Mars,False,F/18/S,TRAPPIST-1e,27.0,False,147.0,0.0,1018.0,0.0,0.0,Conk Dal,True
0077_01,Mars,False,F/15/P,TRAPPIST-1e,28.0,False,14.0,0.0,1295.0,0.0,0.0,Pon Blit√©,True
0078_01,Europa,False,C/4/S,TRAPPIST-1e,38.0,False,0.0,5840.0,0.0,321.0,9654.0,Spuri Pokerheed,False
0081_01,Earth,True,G/13/S,TRAPPIST-1e,13.0,False,0.0,0.0,0.0,0.0,0.0,Dellie Vinozarks,False
0082_01,Mars,False,F/16/P,TRAPPIST-1e,42.0,False,7406.0,0.0,0.0,0.0,0.0,Totse Datte,False
0082_02,Mars,True,F/16/P,TRAPPIST-1e,2.0,False,0.0,0.0,0.0,0.0,0.0,Eaturs Datte,True
0082_03,Mars,False,F/16/P,TRAPPIST-1e,8.0,False,0.0,0.0,0.0,0.0,0.0,,True
0084_01,Earth,False,G/14/S,TRAPPIST-1e,24.0,False,688.0,0.0,0.0,0.0,17.0,Coren Coopezmaney,True
0085_01,Europa,True,C/5/S,TRAPPIST-1e,40.0,False,0.0,0.0,0.0,0.0,0.0,Furudah Ellcefulve,True
0086_01,Earth,False,F/17/P,TRAPPIST-1e,43.0,False,211.0,0.0,0.0,638.0,513.0,Jodye Kinson,False
0088_01,Mars,True,E/5/S,PSO J318.5-22,45.0,False,0.0,0.0,0.0,0.0,0.0,Stmeal Sacre,True
0090_01,Earth,True,G/15/S,TRAPPIST-1e,35.0,False,0.0,0.0,0.0,0.0,0.0,Heremy Santry,True
0091_01,Earth,True,G/16/S,TRAPPIST-1e,26.0,False,,0.0,0.0,0.0,0.0,Deanne Yorkland,True
0091_02,Earth,False,F/20/S,TRAPPIST-1e,27.0,False,1.0,697.0,31.0,188.0,0.0,Tinez Yorkland,False
0092_01,Earth,False,G/9/P,TRAPPIST-1e,19.0,False,0.0,0.0,670.0,1.0,34.0,Gracy Dunnisey,False
0092_02,Earth,True,G/9/P,TRAPPIST-1e,0.0,False,0.0,0.0,,0.0,0.0,Stald Hewson,True
0092_03,Earth,True,G/9/P,TRAPPIST-1e,3.0,False,0.0,0.0,0.0,0.0,0.0,Tiney Hewson,True
0097_01,Europa,False,A/2/S,TRAPPIST-1e,54.0,False,0.0,1208.0,0.0,3.0,637.0,Alchium Fictful,False
0098_01,Earth,False,G/11/P,TRAPPIST-1e,26.0,False,0.0,856.0,5.0,32.0,0.0,Doria Carezquez,False
0098_02,Earth,False,G/11/P,TRAPPIST-1e,26.0,False,0.0,2811.0,957.0,0.0,87.0,Leence Carezquez,True
0099_01,Earth,False,F/19/P,PSO J318.5-22,23.0,False,311.0,427.0,526.0,37.0,0.0,Aliey Leetersoney,False
